Users,TimeStamps,Folders
007.thegap.com,06/Jul/1995:17:22:46,/images/NASA-logosmall.gif
007.thegap.com,06/Jul/1995:17:22:47,/images/KSC-logosmall.gif
007.thegap.com,06/Jul/1995:17:24:26,/cgi-bin/imagemap
007.thegap.com,06/Jul/1995:17:24:28,/shuttle/missions
007.thegap.com,06/Jul/1995:17:24:32,/shuttle/missions
007.thegap.com,06/Jul/1995:17:24:59,/images/launch-logo.gif
007.thegap.com,06/Jul/1995:17:26:24,/shuttle/missions
007.thegap.com,06/Jul/1995:17:28:35,/shuttle/missions
007.thegap.com,06/Jul/1995:17:34:39,/shuttle/missions
007.thegap.com,06/Jul/1995:17:37:41,/cgi-bin/imagemap
007.thegap.com,06/Jul/1995:17:37:44,/shuttle/missions
007.thegap.com,06/Jul/1995:17:39:12,/shuttle/missions
007.thegap.com,06/Jul/1995:17:44:00,/shuttle/missions
007.thegap.com,06/Jul/1995:19:22:04,/shuttle/countdown
007.thegap.com,06/Jul/1995:19:22:08,/shuttle/countdown
007.thegap.com,06/Jul/1995:19:22:12,/images/NASA-logosmall.gif
007.thegap.com,06/Jul/1995:19:22:14,/images/KSC-logosmall.gif
007.thegap.com,06/Jul/1995:19:23:19,/cgi-bin/imagemap
007.thegap.com,06/Jul/1995:19:23:26,/shuttle/countdown
007.thegap.com,06/Jul/1995:19:23:29,/images/KSC-94EC-412-small.gif
007.thegap.com,06/Jul/1995:19:24:38,/images/kscarea-small.gif
007.thegap.com,06/Jul/1995:19:26:24,/facilities/mila.html
007.thegap.com,06/Jul/1995:19:26:27,/facilities/milaptch.gif
007.thegap.com,06/Jul/1995:19:26:36,/images/kscmap-logo.gif
007.thegap.com,06/Jul/1995:19:27:20,/facilities/pdlpict.gif
007.thegap.com,06/Jul/1995:19:29:41,/facilities/milapict.gif
007.thegap.com,06/Jul/1995:19:34:36,/shuttle/technology
007.thegap.com,06/Jul/1995:19:36:08,/images/shuttle-patch-logo.gif
007.thegap.com,09/Jul/1995:20:59:56,/shuttle
007.thegap.com,09/Jul/1995:20:59:58,/shuttle/
007.thegap.com,09/Jul/1995:21:00:00,/icons/menu.xbm
007.thegap.com,09/Jul/1995:21:00:01,/icons/blank.xbm
007.thegap.com,09/Jul/1995:21:00:10,/shuttle/missions
007.thegap.com,09/Jul/1995:21:00:13,/icons/text.xbm
007.thegap.com,09/Jul/1995:21:00:46,/shuttle/missions
007.thegap.com,09/Jul/1995:21:00:50,/icons/image.xbm
007.thegap.com,09/Jul/1995:21:00:58,/shuttle/missions
007.thegap.com,09/Jul/1995:21:01:57,NA
007.thegap.com,09/Jul/1995:21:02:04,/images/ksclogo-medium.gif
007.thegap.com,23/Jul/1995:16:40:47,/shuttle/countdown
007.thegap.com,23/Jul/1995:16:40:57,/images/NASA-logosmall.gif
007.thegap.com,23/Jul/1995:16:40:57,/images/KSC-logosmall.gif
007.thegap.com,23/Jul/1995:16:41:14,/shuttle/countdown
01-dynamic-c.rotterdam.luna.net,28/Jul/1995:12:58:33,/facts/faq10.html
01-dynamic-c.wokingham.luna.net,05/Jul/1995:07:36:59,/shuttle/missions
01-dynamic-c.wokingham.luna.net,05/Jul/1995:07:37:05,/shuttle/missions
01-dynamic-c.wokingham.luna.net,05/Jul/1995:08:16:35,/shuttle/missions
01-dynamic-c.wokingham.luna.net,10/Jul/1995:08:17:39,NA
01-dynamic-c.wokingham.luna.net,10/Jul/1995:08:17:46,/images/ksclogo-medium.gif
01-dynamic-c.wokingham.luna.net,10/Jul/1995:08:17:48,/images/USA-logosmall.gif
01-dynamic-c.wokingham.luna.net,10/Jul/1995:08:17:50,/images/WORLD-logosmall.gif
01-dynamic-c.wokingham.luna.net,10/Jul/1995:08:17:52,/images/MOSAIC-logosmall.gif
01-dynamic-c.wokingham.luna.net,10/Jul/1995:08:17:52,/images/NASA-logosmall.gif
01-dynamic-c.wokingham.luna.net,10/Jul/1995:08:18:27,/history/history.html
01-dynamic-c.wokingham.luna.net,10/Jul/1995:08:18:29,/history/apollo
01-dynamic-c.wokingham.luna.net,10/Jul/1995:08:18:30,/images/KSC-logosmall.gif
01-dynamic-c.wokingham.luna.net,10/Jul/1995:08:18:57,/shuttle/missions
01-dynamic-c.wokingham.luna.net,10/Jul/1995:08:18:59,/images/launchmedium.gif
01-dynamic-c.wokingham.luna.net,12/Jul/1995:05:33:34,/shuttle/missions
01-dynamic-c.wokingham.luna.net,12/Jul/1995:05:33:39,/shuttle/missions
01-dynamic-c.wokingham.luna.net,12/Jul/1995:05:33:47,/images/KSC-logosmall.gif
01-dynamic-c.wokingham.luna.net,12/Jul/1995:05:33:48,/history/apollo
01-dynamic-c.wokingham.luna.net,12/Jul/1995:05:33:48,/images/launch-logo.gif
01-dynamic-c.wokingham.luna.net,27/Jul/1995:17:02:24,/ksc.html
01-dynamic-c.wokingham.luna.net,27/Jul/1995:17:02:27,/images/ksclogo-medium.gif
01-dynamic-c.wokingham.luna.net,27/Jul/1995:17:02:29,/images/NASA-logosmall.gif
01-dynamic-c.wokingham.luna.net,27/Jul/1995:17:02:29,/images/MOSAIC-logosmall.gif
01-dynamic-c.wokingham.luna.net,27/Jul/1995:17:02:29,/images/USA-logosmall.gif
01-dynamic-c.wokingham.luna.net,27/Jul/1995:17:02:29,/images/WORLD-logosmall.gif
01-dynamic-c.wokingham.luna.net,27/Jul/1995:17:02:35,/shuttle/countdown
01-dynamic-c.wokingham.luna.net,27/Jul/1995:17:02:36,/images/KSC-logosmall.gif
01-dynamic-c.wokingham.luna.net,27/Jul/1995:17:02:41,/shuttle/countdown
02-dynamic-c.wokingham.luna.net,07/Jul/1995:07:57:57,NA
02-dynamic-c.wokingham.luna.net,07/Jul/1995:07:57:58,/images/ksclogo-medium.gif
02-dynamic-c.wokingham.luna.net,07/Jul/1995:07:58:04,/images/NASA-logosmall.gif
02-dynamic-c.wokingham.luna.net,07/Jul/1995:07:58:04,/images/MOSAIC-logosmall.gif
02-dynamic-c.wokingham.luna.net,07/Jul/1995:07:58:05,/images/USA-logosmall.gif
02-dynamic-c.wokingham.luna.net,07/Jul/1995:07:58:06,/images/WORLD-logosmall.gif
02-dynamic-c.wokingham.luna.net,07/Jul/1995:07:59:10,/shuttle/missions
02-dynamic-c.wokingham.luna.net,07/Jul/1995:08:01:50,/shuttle/missions
02-dynamic-c.wokingham.luna.net,07/Jul/1995:08:06:39,/shuttle/missions
02-dynamic-c.wokingham.luna.net,27/Jul/1995:17:23:40,/msfc/onboard
02-dynamic-c.wokingham.luna.net,27/Jul/1995:17:23:41,/msfc/onboard
02-dynamic-c.wokingham.luna.net,27/Jul/1995:17:23:42,/msfc/onboard
02-dynamic-c.wokingham.luna.net,27/Jul/1995:17:23:47,/msfc/onboard
03-dynamic-c.wokingham.luna.net,04/Jul/1995:12:33:06,/shuttle/missions
03-dynamic-c.wokingham.luna.net,04/Jul/1995:12:33:08,/shuttle/missions
03-dynamic-c.wokingham.luna.net,04/Jul/1995:12:33:15,/images/launch-logo.gif
03-dynamic-c.wokingham.luna.net,04/Jul/1995:12:33:15,/images/KSC-logosmall.gif
03-dynamic-c.wokingham.luna.net,04/Jul/1995:12:33:23,/shuttle/missions
03-dynamic-c.wokingham.luna.net,04/Jul/1995:12:33:40,/shuttle/missions
03-dynamic-c.wokingham.luna.net,04/Jul/1995:12:34:14,/images/KSC-logosmall.gif
03-dynamic-c.wokingham.luna.net,04/Jul/1995:12:35:29,/shuttle/countdown
03-dynamic-c.wokingham.luna.net,04/Jul/1995:12:35:33,/images/NASA-logosmall.gif
03-dynamic-c.wokingham.luna.net,04/Jul/1995:12:35:36,/shuttle/countdown
03-dynamic-c.wokingham.luna.net,04/Jul/1995:12:36:10,/shuttle/missions
03-dynamic-c.wokingham.luna.net,04/Jul/1995:12:51:26,/shuttle/missions
03-dynamic-c.wokingham.luna.net,20/Jul/1995:19:02:17,/shuttle/missions
03-dynamic-c.wokingham.luna.net,20/Jul/1995:19:02:23,/shuttle/resources
03-dynamic-c.wokingham.luna.net,20/Jul/1995:19:02:29,/shuttle/resources
04-dynamic-c.rotterdam.luna.net,03/Jul/1995:21:56:38,/shuttle/missions
04-dynamic-c.rotterdam.luna.net,03/Jul/1995:21:56:40,/shuttle/missions
04-dynamic-c.rotterdam.luna.net,03/Jul/1995:21:56:43,/images/launch-logo.gif
04-dynamic-c.rotterdam.luna.net,03/Jul/1995:21:56:43,/images/KSC-logosmall.gif
04-dynamic-c.rotterdam.luna.net,03/Jul/1995:21:57:07,/shuttle/resources
04-dynamic-c.rotterdam.luna.net,03/Jul/1995:21:57:09,/shuttle/resources
04-dynamic-c.rotterdam.luna.net,03/Jul/1995:21:57:11,/shuttle/resources
04-dynamic-c.rotterdam.luna.net,03/Jul/1995:21:57:11,/images/ksclogosmall.gif
04-dynamic-c.rotterdam.luna.net,03/Jul/1995:21:58:36,/ksc.html
04-dynamic-c.rotterdam.luna.net,03/Jul/1995:21:58:38,/images/ksclogo-medium.gif
04-dynamic-c.rotterdam.luna.net,03/Jul/1995:21:58:40,/images/NASA-logosmall.gif
04-dynamic-c.rotterdam.luna.net,03/Jul/1995:21:58:40,/images/MOSAIC-logosmall.gif
04-dynamic-c.rotterdam.luna.net,03/Jul/1995:21:58:40,/images/USA-logosmall.gif
04-dynamic-c.rotterdam.luna.net,03/Jul/1995:21:58:43,/images/WORLD-logosmall.gif
04-dynamic-c.rotterdam.luna.net,03/Jul/1995:21:58:53,/shuttle/countdown
04-dynamic-c.rotterdam.luna.net,03/Jul/1995:21:58:56,/shuttle/countdown
04-dynamic-c.rotterdam.luna.net,03/Jul/1995:21:59:29,/cgi-bin/imagemap
04-dynamic-c.rotterdam.luna.net,03/Jul/1995:21:59:30,/shuttle/missions
04-dynamic-c.rotterdam.luna.net,03/Jul/1995:21:59:32,/shuttle/missions
04-dynamic-c.rotterdam.luna.net,03/Jul/1995:22:00:26,/htbin/wais.pl?SAREX-II
04-dynamic-c.rotterdam.luna.net,03/Jul/1995:22:01:15,/htbin/wais.pl?IMAX
04-dynamic-c.rotterdam.luna.net,03/Jul/1995:22:02:55,/shuttle/missions
04-dynamic-c.wokingham.luna.net,04/Jul/1995:16:22:38,/ksc.html
04-dynamic-c.wokingham.luna.net,04/Jul/1995:16:22:43,/images/NASA-logosmall.gif
04-dynamic-c.wokingham.luna.net,04/Jul/1995:16:22:43,/images/USA-logosmall.gif
04-dynamic-c.wokingham.luna.net,04/Jul/1995:16:22:43,/images/MOSAIC-logosmall.gif
04-dynamic-c.wokingham.luna.net,04/Jul/1995:16:22:45,/images/WORLD-logosmall.gif
04-dynamic-c.wokingham.luna.net,04/Jul/1995:16:22:47,/images/ksclogo-medium.gif
04-dynamic-c.wokingham.luna.net,04/Jul/1995:16:23:03,/shuttle/missions
04-dynamic-c.wokingham.luna.net,04/Jul/1995:16:23:06,/images/launchmedium.gif
04-dynamic-c.wokingham.luna.net,04/Jul/1995:16:23:18,/images/KSC-logosmall.gif
04-dynamic-c.wokingham.luna.net,04/Jul/1995:16:23:48,/shuttle/missions
04-dynamic-c.wokingham.luna.net,04/Jul/1995:16:23:52,/shuttle/missions
04-dynamic-c.wokingham.luna.net,04/Jul/1995:16:24:21,/images/KSC-logosmall.gif
04-dynamic-c.wokingham.luna.net,04/Jul/1995:16:24:22,/images/launch-logo.gif
04-dynamic-c.wokingham.luna.net,04/Jul/1995:16:25:16,/shuttle/missions
04-dynamic-c.wokingham.luna.net,04/Jul/1995:16:25:42,/shuttle/missions
04-dynamic-c.wokingham.luna.net,04/Jul/1995:16:26:11,/shuttle/missions
04-dynamic-c.wokingham.luna.net,04/Jul/1995:16:26:30,/shuttle/missions
04-dynamic-c.wokingham.luna.net,04/Jul/1995:16:27:17,/shuttle/resources
04-dynamic-c.wokingham.luna.net,04/Jul/1995:16:27:21,/shuttle/resources
04-dynamic-c.wokingham.luna.net,04/Jul/1995:16:27:24,/images/ksclogosmall.gif
04-dynamic-c.wokingham.luna.net,04/Jul/1995:16:27:24,/shuttle/resources
04-dynamic-c.wokingham.luna.net,04/Jul/1995:16:28:11,/shuttle/missions
04-dynamic-c.wokingham.luna.net,04/Jul/1995:16:28:13,/shuttle/missions
04-dynamic-c.wokingham.luna.net,04/Jul/1995:16:29:34,/shuttle/countdown
04-dynamic-c.wokingham.luna.net,04/Jul/1995:16:29:42,/shuttle/countdown
04-dynamic-c.wokingham.luna.net,04/Jul/1995:16:30:20,/shuttle/missions
04-dynamic-c.wokingham.luna.net,04/Jul/1995:16:32:19,/shuttle/missions
04-dynamic-c.wokingham.luna.net,04/Jul/1995:16:33:16,/shuttle/missions
05-dynamic-c.rotterdam.luna.net,05/Jul/1995:05:37:35,/shuttle/missions
05-dynamic-c.rotterdam.luna.net,05/Jul/1995:05:37:43,/images/launchmedium.gif
05-dynamic-c.rotterdam.luna.net,05/Jul/1995:05:38:42,/shuttle/missions
05-dynamic-c.rotterdam.luna.net,05/Jul/1995:05:38:52,/shuttle/missions
05-dynamic-c.rotterdam.luna.net,05/Jul/1995:05:39:20,/shuttle/missions
05-dynamic-c.rotterdam.luna.net,05/Jul/1995:05:39:28,/images/launchmedium.gif
05-dynamic-c.rotterdam.luna.net,05/Jul/1995:05:40:33,/images/NASA-logosmall.gif
05-dynamic-c.rotterdam.luna.net,05/Jul/1995:05:40:33,/images/KSC-logosmall.gif
05-dynamic-c.rotterdam.luna.net,05/Jul/1995:05:40:46,/shuttle/missions
05-dynamic-c.rotterdam.luna.net,05/Jul/1995:05:40:55,/shuttle/missions
05-dynamic-c.rotterdam.luna.net,05/Jul/1995:05:41:39,/shuttle/missions
05-dynamic-c.rotterdam.luna.net,05/Jul/1995:05:41:48,/shuttle/missions
05-dynamic-c.rotterdam.luna.net,05/Jul/1995:05:42:47,/shuttle/countdown
05-dynamic-c.rotterdam.luna.net,05/Jul/1995:05:43:00,/shuttle/countdown
05-dynamic-c.rotterdam.luna.net,06/Jul/1995:03:56:35,/shuttle/missions
05-dynamic-c.rotterdam.luna.net,06/Jul/1995:03:56:39,/shuttle/missions
05-dynamic-c.rotterdam.luna.net,06/Jul/1995:03:56:58,/shuttle/missions
05-dynamic-c.rotterdam.luna.net,06/Jul/1995:03:57:00,/icons/blank.xbm
05-dynamic-c.rotterdam.luna.net,06/Jul/1995:03:57:00,/icons/menu.xbm
05-dynamic-c.rotterdam.luna.net,06/Jul/1995:03:57:13,/shuttle/missions
05-dynamic-c.rotterdam.luna.net,06/Jul/1995:03:57:16,/icons/image.xbm
05-dynamic-c.rotterdam.luna.net,06/Jul/1995:03:57:16,/icons/text.xbm
05-dynamic-c.rotterdam.luna.net,06/Jul/1995:03:57:24,/shuttle/missions
05-dynamic-c.rotterdam.luna.net,06/Jul/1995:03:57:33,/shuttle/missions
05-dynamic-c.rotterdam.luna.net,06/Jul/1995:03:58:56,/shuttle/missions
05-dynamic-c.rotterdam.luna.net,06/Jul/1995:04:01:35,/shuttle/missions
05-dynamic-c.wokingham.luna.net,15/Jul/1995:14:09:44,NA
05-dynamic-c.wokingham.luna.net,15/Jul/1995:14:09:47,/images/ksclogo-medium.gif
05-dynamic-c.wokingham.luna.net,15/Jul/1995:14:09:58,/images/NASA-logosmall.gif
05-dynamic-c.wokingham.luna.net,15/Jul/1995:14:09:58,/images/MOSAIC-logosmall.gif
05-dynamic-c.wokingham.luna.net,15/Jul/1995:14:09:58,/images/USA-logosmall.gif
05-dynamic-c.wokingham.luna.net,15/Jul/1995:14:09:59,/images/WORLD-logosmall.gif
05-dynamic-c.wokingham.luna.net,15/Jul/1995:14:10:55,/shuttle/missions
05-dynamic-c.wokingham.luna.net,15/Jul/1995:14:12:09,/shuttle/missions
05-dynamic-c.wokingham.luna.net,15/Jul/1995:14:14:11,/shuttle/missions
06-dynamic-c.rotterdam.luna.net,04/Jul/1995:06:31:24,/shuttle/countdown
06-dynamic-c.rotterdam.luna.net,04/Jul/1995:06:31:40,/images/NASA-logosmall.gif
06-dynamic-c.rotterdam.luna.net,04/Jul/1995:06:31:41,/images/KSC-logosmall.gif
06-dynamic-c.rotterdam.luna.net,04/Jul/1995:06:31:49,/shuttle/countdown
06-dynamic-c.rotterdam.luna.net,04/Jul/1995:06:33:08,/htbin/cdt_main.pl
06-dynamic-c.rotterdam.luna.net,04/Jul/1995:06:33:26,/shuttle/countdown
06-dynamic-c.rotterdam.luna.net,04/Jul/1995:06:34:23,/shuttle/countdown
06-dynamic-c.rotterdam.luna.net,04/Jul/1995:06:34:29,/htbin/cdt_clock.pl
06-dynamic-c.rotterdam.luna.net,04/Jul/1995:06:34:57,/shuttle/countdown
06-dynamic-c.rotterdam.luna.net,04/Jul/1995:06:47:33,/shuttle/countdown
06-dynamic-c.rotterdam.luna.net,12/Jul/1995:14:49:59,/shuttle/technology
06-dynamic-c.rotterdam.luna.net,14/Jul/1995:18:04:45,/htbin/cdt_main.pl
06-dynamic-c.rotterdam.luna.net,14/Jul/1995:18:04:46,/shuttle/countdown
06-dynamic-c.rotterdam.luna.net,14/Jul/1995:18:04:47,/images/NASA-logosmall.gif
06-dynamic-c.rotterdam.luna.net,14/Jul/1995:18:05:34,/facilities/lcc.html
06-dynamic-c.rotterdam.luna.net,14/Jul/1995:18:05:41,/images/ksclogosmall.gif
06-dynamic-c.rotterdam.luna.net,14/Jul/1995:18:05:45,/images/lcc-small2.gif
06-dynamic-c.rotterdam.luna.net,14/Jul/1995:18:05:49,/images/kscmap-tiny.gif
06-dynamic-c.rotterdam.luna.net,14/Jul/1995:18:06:12,/shuttle/countdown
06-dynamic-c.rotterdam.luna.net,14/Jul/1995:18:06:27,/shuttle/countdown
06-dynamic-c.rotterdam.luna.net,14/Jul/1995:18:07:05,/shuttle/missions
06-dynamic-c.rotterdam.luna.net,14/Jul/1995:18:07:07,/shuttle/missions
07-dynamic-c.rotterdam.luna.net,19/Jul/1995:17:18:09,/history/history.html
07-dynamic-c.rotterdam.luna.net,19/Jul/1995:17:18:11,/history/apollo
07-dynamic-c.rotterdam.luna.net,19/Jul/1995:17:18:12,/images/NASA-logosmall.gif
07-dynamic-c.rotterdam.luna.net,19/Jul/1995:17:18:12,/images/KSC-logosmall.gif
0772jela.jelke.rpslmc.edu,24/Jul/1995:17:01:49,/images/whatsnew.gif
0772jela.jelke.rpslmc.edu,24/Jul/1995:17:01:55,/images/NASA-logosmall.gif
0772jela.jelke.rpslmc.edu,24/Jul/1995:17:01:55,/images/KSC-logosmall.gif
08-dynamic-c.rotterdam.luna.net,05/Jul/1995:18:33:16,/history/apollo
08-dynamic-c.rotterdam.luna.net,05/Jul/1995:18:33:19,/history/apollo
08-dynamic-c.rotterdam.luna.net,05/Jul/1995:18:33:46,/images/ksclogosmall.gif
08-dynamic-c.rotterdam.luna.net,05/Jul/1995:18:33:47,/history/apollo
086.msy4.communique.net,04/Jul/1995:17:34:09,/history/apollo
086.msy4.communique.net,04/Jul/1995:17:34:11,/history/apollo
086.msy4.communique.net,04/Jul/1995:17:34:12,/images/ksclogosmall.gif
086.msy4.communique.net,04/Jul/1995:17:34:14,/history/apollo
086.msy4.communique.net,04/Jul/1995:17:34:35,/history/apollo
086.msy4.communique.net,04/Jul/1995:17:34:37,/history/apollo
086.msy4.communique.net,04/Jul/1995:17:34:50,/history/apollo
086.msy4.communique.net,04/Jul/1995:17:41:01,/facilities/lc39a.html
086.msy4.communique.net,04/Jul/1995:17:41:04,/images/lc39a-logo.gif
086.msy4.communique.net,04/Jul/1995:17:41:06,/images/kscmap-tiny.gif
086.msy4.communique.net,04/Jul/1995:17:43:56,/images/rss.gif
0885-12.etech.fh-hamburg.de,20/Jul/1995:09:05:00,NA
0885-12.etech.fh-hamburg.de,20/Jul/1995:09:08:05,/images/ksclogo-medium.gif
0885-12.etech.fh-hamburg.de,20/Jul/1995:09:08:58,/images/NASA-logosmall.gif
0885-12.etech.fh-hamburg.de,20/Jul/1995:09:10:27,/images/MOSAIC-logosmall.gif
0885-12.etech.fh-hamburg.de,20/Jul/1995:09:10:29,/images/USA-logosmall.gif
0885-12.etech.fh-hamburg.de,20/Jul/1995:09:10:33,/images/WORLD-logosmall.gif
0885-12.etech.fh-hamburg.de,20/Jul/1995:10:14:44,/shuttle/technology
10-dynamic-c.rotterdam.luna.net,05/Jul/1995:05:41:32,/history/history.html
10-dynamic-c.rotterdam.luna.net,05/Jul/1995:05:41:36,/history/apollo
10-dynamic-c.rotterdam.luna.net,05/Jul/1995:05:41:36,/images/NASA-logosmall.gif
10-dynamic-c.rotterdam.luna.net,05/Jul/1995:05:41:36,/images/KSC-logosmall.gif
10.salc.wsu.edu,04/Jul/1995:02:10:26,/ksc.html
10.salc.wsu.edu,04/Jul/1995:02:10:28,/images/NASA-logosmall.gif
10.salc.wsu.edu,04/Jul/1995:02:10:28,/images/ksclogo-medium.gif
10.salc.wsu.edu,04/Jul/1995:02:10:28,/images/USA-logosmall.gif
10.salc.wsu.edu,04/Jul/1995:02:10:29,/images/MOSAIC-logosmall.gif
10.salc.wsu.edu,04/Jul/1995:02:10:31,/images/WORLD-logosmall.gif
10.ts2.mnet.medstroms.se,04/Jul/1995:18:28:37,/shuttle/missions
10.ts2.mnet.medstroms.se,17/Jul/1995:12:42:56,/shuttle/countdown
